STATEFP10,PLACEFP10,PLACENS10,GEOID10,NAME10,NAMELSAD10,LSAD10,CLASSFP10,PCICBSA10,PCINECTA10,MTFCC10,FUNCSTAT10,ALAND10,AWATER10,INTPTLAT10,INTPTLON10
17,82101,02397328,1782101,Wilmington,Wilmington city,25,C1,N,N,G4110,A,24340284,1684004,+41.3177547,-088.1432763
17,74275,02399944,1774275,Symerton,Symerton village,47,C1,N,N,G4110,A,118136,0,+41.3280036,-088.0540419
17,69758,02399813,1769758,Shorewood,Shorewood village,47,C1,N,N,G4110,A,20132703,294728,+41.5175270,-088.2151545
17,65442,02399114,1765442,Romeoville,Romeoville village,47,C1,N,N,G4110,A,47750789,826350,+41.6366697,-088.0990910
17,64902,02399104,1764902,Rockdale,Rockdale village,47,C1,N,N,G4110,A,2058216,0,+41.5057942,-088.1180857
17,59052,02399653,1759052,Peotone,Peotone village,47,C1,N,N,G4110,A,4856195,7249,+41.3315124,-087.7929804
17,52584,02399470,1752584,New Lenox,New Lenox village,47,C1,N,N,G4110,A,40560591,60419,+41.5093703,-087.9691543
17,49945,02399381,1749945,Monee,Monee village,47,C1,N,N,G4110,A,11459520,0,+41.4172678,-087.7503486
17,49854,02399380,1749854,Mokena,Mokena village,47,C1,N,N,G4110,A,23026150,7743,+41.5298631,-087.8777097
17,46357,02399240,1746357,Manhattan,Manhattan village,47,C1,N,N,G4110,A,17010437,0,+41.4201530,-087.9807195
17,44225,02395740,1744225,Lockport,Lockport city,25,C1,N,N,G4110,A,29522700,0,+41.5897493,-088.0291325
17,35835,02398535,1735835,Homer Glen,Homer Glen village,47,C1,N,N,G4110,A,57428264,102626,+41.6051512,-087.9523515
17,23945,02398822,1723945,Elwood,Elwood village,47,C1,N,N,G4110,A,16908608,0,+41.4070902,-088.1273144
17,17458,02393670,1717458,Crest Hill,Crest Hill city,25,C1,N,N,G4110,A,23398361,353454,+41.5737709,-088.1110250
17,07770,02394237,1707770,Braidwood,Braidwood city,25,C1,N,N,G4110,A,11861512,477544,+41.2691264,-088.2202728
17,04585,02398066,1704585,Beecher,Beecher village,47,C1,N,N,G4110,A,7669270,0,+41.3503110,-087.6170203
17,49308,02399361,1749308,Millington,Millington village,47,C1,N,N,G4110,A,1779038,142185,+41.5605161,-088.6042243
17,70460,02399838,1770460,Somonauk,Somonauk village,47,C1,N,N,G4110,A,6254394,13221,+41.6347474,-088.6874763
17,82985,02397360,1782985,Wood Dale,Wood Dale city,25,C1,N,N,G4110,A,12228930,295316,+41.9663062,-087.9808506
17,82400,02399715,1782400,Winfield,Winfield village,47,C1,N,N,G4110,A,7748043,103452,+41.8774415,-088.1510963
17,81919,02399702,1781919,Willowbrook,Willowbrook village,47,C1,N,N,G4110,A,6957477,159729,+41.7619149,-087.9458256
17,81048,02397294,1781048,Wheaton,Wheaton city,25,C1,N,N,G4110,A,29143125,482435,+41.8561337,-088.1074529
17,80645,02400153,1780645,Westmont,Westmont village,47,C1,N,N,G4110,A,13026617,273816,+41.7943709,-087.9728597
17,80060,02397264,1780060,West Chicago,West Chicago city,25,C1,N,N,G4110,A,38325822,882420,+41.9143696,-088.2483426
17,78929,02397197,1778929,Warrenville,Warrenville city,25,C1,N,N,G4110,A,14138462,409511,+41.8209458,-088.1875049
17,77993,02400070,1777993,Villa Park,Villa Park village,47,C1,N,N,G4110,A,12187783,126509,+41.8856124,-087.9782345
17,54560,02395286,1754560,Oakbrook Terrace,Oakbrook Terrace city,25,C1,N,N,G4110,A,3226551,73226,+41.8533736,-087.9691755
17,44407,02398468,1744407,Lombard,Lombard village,47,C1,N,N,G4110,A,26552976,515675,+41.8738441,-088.0154914
17,43939,02398450,1743939,Lisle,Lisle village,47,C1,N,N,G4110,A,17716219,469995,+41.7921110,-088.0877054
17,37907,02398280,1737907,Itasca,Itasca village,47,C1,N,N,G4110,A,12824191,318750,+41.9766165,-088.0187752
17,29756,02398972,1729756,Glen Ellyn,Glen Ellyn village,47,C1,N,N,G4110,A,17122671,423423,+41.8667152,-088.0627106
17,29730,02398974,1729730,Glendale Heights,Glendale Heights village,47,C1,N,N,G4110,A,13914602,362528,+41.9188772,-088.0780946
17,20591,02398745,1720591,Downers Grove,Downers Grove village,47,C1,N,N,G4110,A,37050190,381268,+41.7950271,-088.0212315
17,18628,02393720,1718628,Darien,Darien city,25,C1,N,N,G4110,A,16001046,319211,+41.7456625,-087.9814940
17,14572,02397629,1714572,Clarendon Hills,Clarendon Hills village,47,C1,N,N,G4110,A,4668684,26085,+41.7984473,-087.9572388
17,11332,02397559,1711332,Carol Stream,Carol Stream village,47,C1,N,N,G4110,A,23552954,844651,+41.9198965,-088.1332546
17,06587,02398138,1706587,Bloomingdale,Bloomingdale village,47,C1,N,N,G4110,A,17567247,672107,+41.9514805,-088.0891120
17,00243,02397911,1700243,Addison,Addison village,47,C1,N,N,G4110,A,25299553,543789,+41.9313729,-088.0088433
17,82049,02399701,1782049,Willow Springs,Willow Springs village,47,C1,N,N,G4110,A,10398012,273272,+41.7345434,-087.8841693
17,68003,02399769,1768003,Schaumburg,Schaumburg village,47,C1,Y,N,G4110,A,49775025,291736,+42.0293508,-088.0836415
17,65806,02399122,1765806,Roselle,Roselle village,47,C1,N,N,G4110,A,14015837,188273,+41.9802869,-088.0856054
17,54534,02399533,1754534,Oak Brook,Oak Brook village,47,C1,N,N,G4110,A,20588072,850951,+41.8366099,-087.9534717
17,35307,02398514,1735307,Hinsdale,Hinsdale village,47,C1,N,N,G4110,A,11921483,85634,+41.8006826,-087.9281725
17,32746,02398244,1732746,Hanover Park,Hanover Park village,47,C1,N,N,G4110,A,16391790,271984,+41.9814441,-088.1425199
17,23620,02394673,1723620,Elmhurst,Elmhurst city,25,C1,N,N,G4110,A,26556780,145786,+41.8960184,-087.9436583
17,23256,02398803,1723256,Elk Grove Village,Elk Grove Village village,47,C1,N,N,G4110,A,29377816,176406,+42.0057778,-087.9930339
17,14000,00428803,1714000,Chicago,Chicago city,25,C5,Y,N,G4110,A,589571105,16781658,+41.8375511,-087.6818441
17,09980,02397506,1709980,Burr Ridge,Burr Ridge village,47,C1,N,N,G4110,A,18120454,364208,+41.7478977,-087.9201050
17,05248,02398095,1705248,Bensenville,Bensenville village,47,C1,N,N,G4110,A,14419675,124561,+41.9597005,-087.9434600
17,83245,02399735,1783245,Woodridge,Woodridge village,47,C1,N,N,G4110,A,24404002,418817,+41.7375303,-088.0446074
17,51622,02395147,1751622,Naperville,Naperville city,25,C1,Y,N,G4110,A,100411651,1433461,+41.7491725,-088.1620190
17,42795,02398417,1742795,Lemont,Lemont village,47,C1,N,N,G4110,A,20634905,994929,+41.6673438,-087.9843995
17,07133,02398147,1707133,Bolingbrook,Bolingbrook village,47,C1,N,N,G4110,A,62286580,536816,+41.6911195,-088.1015655
17,83349,02397372,1783349,Woodstock,Woodstock city,25,C1,N,N,G4110,A,35096589,0,+42.3102657,-088.4356536
17,82855,02399729,1782855,Wonder Lake,Wonder Lake village,47,C1,N,N,G4110,A,12383632,2964834,+42.3770209,-088.3494358
17,76706,02400020,1776706,Union,Union village,47,C1,N,N,G4110,A,2150732,0,+42.2314057,-088.5446930
17,76160,02400004,1776160,Trout Valley,Trout Valley village,47,C1,N,N,G4110,A,1115990,4578,+42.1960292,-088.2512029
17,72052,02399876,1772052,Spring Grove,Spring Grove village,47,C1,N,N,G4110,A,22487998,80124,+42.4500143,-088.2419518
17,64135,02399076,1764135,Ringwood,Ringwood village,47,C1,N,N,G4110,A,9985900,0,+42.3975235,-088.3032085
17,63641,02399067,1763641,Richmond,Richmond village,47,C1,N,N,G4110,A,10940224,0,+42.4638160,-088.3087442
17,61678,02399020,1761678,Prairie Grove,Prairie Grove village,47,C1,N,N,G4110,A,14787641,10139,+42.2739333,-088.2698759
17,55041,02399549,1755041,Oakwood Hills,Oakwood Hills village,47,C1,N,N,G4110,A,3051538,212848,+42.2475678,-088.2397539
17,46786,02395004,1746786,Marengo,Marengo city,25,C1,N,N,G4110,A,12976116,0,+42.2473371,-088.6063398
17,45694,02395070,1745694,McHenry,McHenry city,25,C1,N,N,G4110,A,38179376,1125374,+42.3395039,-088.2930101
17,45616,02399292,1745616,McCullom Lake,McCullom Lake village,47,C1,N,N,G4110,A,969222,0,+42.3686507,-088.2967991
17,41651,02398390,1741651,Lakewood,Lakewood village,47,C1,N,N,G4110,A,9495961,786877,+42.2239087,-088.3866189
17,41183,02398378,1741183,Lake in the Hills,Lake in the Hills village,47,C1,N,N,G4110,A,26876374,606544,+42.1795425,-088.3157213
17,38479,02398304,1738479,Johnsburg,Johnsburg village,47,C1,N,N,G4110,A,18333613,1538636,+42.3848743,-088.2467411
17,35515,02398523,1735515,Holiday Hills,Holiday Hills village,47,C1,N,N,G4110,A,2463442,103164,+42.2967907,-088.2284412
17,33851,02398482,1733851,Hebron,Hebron village,47,C1,N,N,G4110,A,5062732,0,+42.4651370,-088.4342725
17,33331,02394315,1733331,Harvard,Harvard city,25,C1,N,N,G4110,A,22212944,0,+42.4308090,-088.6184597
17,31667,02398207,1731667,Greenwood,Greenwood village,47,C1,N,N,G4110,A,4808934,0,+42.3915622,-088.3894590
17,17887,02393685,1717887,Crystal Lake,Crystal Lake city,25,C1,N,N,G4110,A,47531410,1573314,+42.2325535,-088.3353312
17,11592,02397566,1711592,Cary,Cary village,47,C1,N,N,G4110,A,16236636,226707,+42.2121439,-088.2496274
17,09531,02397492,1709531,Bull Valley,Bull Valley village,47,C1,N,N,G4110,A,22655301,27658,+42.3233964,-088.3609365
17,35268,02398512,1735268,Hinckley,Hinckley village,47,C1,N,N,G4110,A,2178932,20825,+41.7714351,-088.6390004
17,28898,02394879,1728898,Genoa,Genoa city,25,C1,N,N,G4110,A,6736496,142285,+42.0910347,-088.6949641
17,19161,02394494,1719161,DeKalb,DeKalb city,25,C1,N,N,G4110,A,37945652,420154,+41.9306139,-088.7478300
17,16470,02396662,1716470,Cortland,Cortland town,43,C1,N,N,G4110,A,9401121,20220,+41.9376998,-088.6913961
17,67548,02396534,1767548,Sandwich,Sandwich city,25,C1,N,N,G4110,A,12146158,41618,+41.6500669,-088.6190214
17,79163,02400104,1779163,Waterman,Waterman village,47,C1,N,N,G4110,A,3821118,4896,+41.7656896,-088.7630573
17,74223,02396018,1774223,Sycamore,Sycamore city,25,C1,N,N,G4110,A,25201489,99273,+41.9966996,-088.6775259
17,68822,02399789,1768822,Shabbona,Shabbona village,47,C1,N,N,G4110,A,2144198,2556,+41.7650671,-088.8763221
17,46279,02399234,1746279,Malta,Malta village,47,C1,N,N,G4110,A,1485625,87552,+41.9294404,-088.8659911
17,40156,02398361,1740156,Kirkland,Kirkland village,47,C1,N,N,G4110,A,3147706,31620,+42.0901642,-088.8486250
17,40065,02398353,1740065,Kingston,Kingston village,47,C1,N,N,G4110,A,2569193,65893,+42.1010616,-088.7631971
17,60391,02399688,1760391,Plattville,Plattville village,47,C1,N,N,G4110,A,5886510,0,+41.5335685,-088.3851848
17,84038,02397394,1784038,Yorkville,Yorkville city,25,C1,N,N,G4110,A,51711701,227860,+41.6566639,-088.4363724
17,60352,02396223,1760352,Plano,Plano city,25,C1,N,N,G4110,A,19315539,112191,+41.6686935,-088.5250394
17,56887,02399593,1756887,Oswego,Oswego village,47,C1,N,N,G4110,A,40216610,274932,+41.6832202,-088.3388488
17,52103,02399488,1752103,Newark,Newark village,47,C1,N,N,G4110,A,2891609,259,+41.5365941,-088.5805624
17,49100,02399351,1749100,Millbrook,Millbrook village,47,C1,N,N,G4110,A,5385378,0,+41.6049934,-088.5448902
17,43900,02398449,1743900,Lisbon,Lisbon village,47,C1,N,N,G4110,A,4505968,0,+41.4789815,-088.4599079
17,60287,02399684,1760287,Plainfield,Plainfield village,47,C1,N,N,G4110,A,60150697,2534965,+41.6305019,-088.2450245
17,38570,02395477,1738570,Joliet,Joliet city,25,C1,Y,N,G4110,A,160873843,1704350,+41.5180664,-088.1583542
17,83518,02399742,1783518,Worth,Worth village,47,C1,N,N,G4110,A,6135155,33038,+41.6873250,-087.7925279
17,82530,02399718,1782530,Winnetka,Winnetka village,47,C1,N,N,G4110,A,9868394,214305,+42.1062103,-087.7427639
17,82075,02399704,1782075,Wilmette,Wilmette village,47,C1,N,N,G4110,A,13994214,23599,+42.0773232,-087.7286214
17,80242,02400150,1780242,Western Springs,Western Springs village,47,C1,N,N,G4110,A,7231041,0,+41.8022270,-087.9005583
17,80047,02400148,1780047,Westchester,Westchester village,47,C1,N,N,G4110,A,9547006,0,+41.8491979,-087.8906185
17,75185,02399975,1775185,Thornton,Thornton village,47,C1,N,N,G4110,A,6083223,67750,+41.5741485,-087.6193001
17,73638,02399930,1773638,Summit,Summit village,47,C1,N,N,G4110,A,5486969,353723,+41.7884523,-087.8139211
17,73157,02399920,1773157,Streamwood,Streamwood village,47,C1,N,N,G4110,A,20241390,86799,+42.0205861,-088.1777706
17,72923,02399908,1772923,Stone Park,Stone Park village,47,C1,N,N,G4110,A,889932,0,+41.9032361,-087.8807008
17,72676,02399900,1772676,Stickney,Stickney village,47,C1,N,N,G4110,A,4985988,94151,+41.8170254,-087.7737005
17,70850,02399849,1770850,South Holland,South Holland village,47,C1,N,N,G4110,A,18819565,40377,+41.5981633,-087.6026592
17,70629,02399845,1770629,South Chicago Heights,South Chicago Heights village,47,C1,N,N,G4110,A,4094550,42091,+41.4834057,-087.6372011
17,70564,02399841,1770564,South Barrington,South Barrington village,47,C1,N,N,G4110,A,19018476,722407,+42.0912192,-088.1569484
17,70122,02399827,1770122,Skokie,Skokie village,47,C1,Y,N,G4110,A,26062662,0,+42.0359715,-087.7399914
17,68081,02399770,1768081,Schiller Park,Schiller Park village,47,C1,N,N,G4110,A,7171286,0,+41.9586291,-087.8693194
17,65819,02399123,1765819,Rosemont,Rosemont village,47,C1,N,N,G4110,A,4641998,0,+41.9889823,-087.8717469
17,65338,02396420,1765338,Rolling Meadows,Rolling Meadows city,25,C1,N,N,G4110,A,14586916,11945,+42.0749095,-088.0253634
17,64616,02399096,1764616,Robbins,Robbins village,47,C1,N,N,G4110,A,3752569,0,+41.6431243,-087.7081034
17,64421,02399090,1764421,Riverside,Riverside village,47,C1,N,N,G4110,A,5124132,45405,+41.8309556,-087.8158544
17,64343,02399085,1764343,River Grove,River Grove village,47,C1,N,N,G4110,A,6194537,0,+41.9242709,-087.8379259
17,64304,02399084,1764304,River Forest,River Forest village,47,C1,N,N,G4110,A,6410886,4794,+41.8948750,-087.8190635
17,64278,02399086,1764278,Riverdale,Riverdale village,47,C1,N,N,G4110,A,9257334,452981,+41.6426915,-087.6363332
17,63706,02399068,1763706,Richton Park,Richton Park village,47,C1,N,N,G4110,A,10314028,31490,+41.4806790,-087.7355610
17,62016,02396288,1762016,Prospect Heights,Prospect Heights city,25,C1,N,N,G4110,A,10974495,75022,+42.1031853,-087.9248383
17,61314,02399009,1761314,Posen,Posen village,47,C1,N,N,G4110,A,3027980,0,+41.6290674,-087.6858426
17,59572,02399667,1759572,Phoenix,Phoenix village,47,C1,N,N,G4110,A,1165652,0,+41.6119152,-087.6310120
17,57875,02396148,1757875,Park Ridge,Park Ridge city,25,C1,N,N,G4110,A,18362216,114825,+42.0117617,-087.8434336
17,57407,02399616,1757407,Palos Park,Palos Park village,47,C1,N,N,G4110,A,10185933,110981,+41.6712136,-087.8248012
17,57394,02396134,1757394,Palos Hills,Palos Hills city,25,C1,N,N,G4110,A,11003227,108483,+41.6990771,-087.8262077
17,57381,02396133,1757381,Palos Heights,Palos Heights city,25,C1,N,N,G4110,A,9783060,252939,+41.6634391,-087.7960438
17,56627,02399585,1756627,Orland Hills,Orland Hills village,47,C1,N,N,G4110,A,2958878,19721,+41.5906544,-087.8421489
17,55938,02399572,1755938,Olympia Fields,Olympia Fields village,47,C1,N,N,G4110,A,7610912,9275,+41.5151456,-087.6940155
17,54885,02399539,1754885,Oak Park,Oak Park village,47,C1,N,N,G4110,A,12173835,0,+41.8871663,-087.7899416
17,54820,02399538,1754820,Oak Lawn,Oak Lawn village,47,C1,N,N,G4110,A,22259578,59,+41.7134365,-087.7525598
17,54638,02395281,1754638,Oak Forest,Oak Forest city,25,C1,N,N,G4110,A,15414348,123156,+41.6056744,-087.7535649
17,54144,02399521,1754144,North Riverside,North Riverside village,47,C1,N,N,G4110,A,4256895,0,+41.8461419,-087.8262826
17,53871,02395266,1753871,Northlake,Northlake city,25,C1,N,N,G4110,A,8203634,0,+41.9143172,-087.9054713
17,53663,02399527,1753663,Northfield,Northfield village,47,C1,N,N,G4110,A,8324947,0,+42.1025712,-087.7791693
17,53481,02399526,1753481,Northbrook,Northbrook village,47,C1,N,N,G4110,A,34161034,169100,+42.1296490,-087.8351432
17,53377,02399504,1753377,Norridge,Norridge village,47,C1,N,N,G4110,A,4688662,0,+41.9637377,-087.8231947
17,53000,02399498,1753000,Niles,Niles village,47,C1,N,N,G4110,A,15143203,0,+42.0278636,-087.8099563
17,51089,02399416,1751089,Mount Prospect,Mount Prospect village,47,C1,N,N,G4110,A,26776569,89205,+42.0654063,-087.9374988
17,50647,02399403,1750647,Morton Grove,Morton Grove village,47,C1,N,N,G4110,A,13178292,0,+42.0423210,-087.7890119
17,48892,02399337,1748892,Midlothian,Midlothian village,47,C1,N,N,G4110,A,7301798,0,+41.6254282,-087.7242328
17,48554,02399321,1748554,Merrionette Park,Merrionette Park village,47,C1,N,N,G4110,A,971529,0,+41.6811167,-087.7012118
17,48242,02399308,1748242,Melrose Park,Melrose Park village,47,C1,N,N,G4110,A,10975760,0,+41.9028954,-087.8643030
17,47774,02399280,1747774,Maywood,Maywood village,47,C1,N,N,G4110,A,7046891,0,+41.8797997,-087.8441603
17,47007,02395013,1747007,Markham,Markham city,25,C1,N,N,G4110,A,13747720,0,+41.6000612,-087.6908129
17,45564,02399289,1745564,McCook,McCook village,47,C1,N,N,G4110,A,6770441,54863,+41.7983768,-087.8416057
17,45434,02399212,1745434,Lyons,Lyons village,47,C1,N,N,G4110,A,5658622,148913,+41.8121844,-087.8185892
17,45421,02399210,1745421,Lynwood,Lynwood village,47,C1,N,N,G4110,A,14154846,198502,+41.5221242,-087.5484015
17,43744,02398443,1743744,Lincolnwood,Lincolnwood village,47,C1,N,N,G4110,A,6970927,0,+42.0054293,-087.7329587
17,42028,02398395,1742028,Lansing,Lansing village,47,C1,N,N,G4110,A,17577785,149619,+41.5674568,-087.5475325
17,40793,02398366,1740793,La Grange Park,La Grange Park village,47,C1,N,N,G4110,A,5780028,0,+41.8307517,-087.8722881
17,40767,02398365,1740767,La Grange,La Grange village,47,C1,N,N,G4110,A,6534644,0,+41.8072070,-087.8741413
17,39519,02398337,1739519,Kenilworth,Kenilworth village,47,C1,N,N,G4110,A,1575975,0,+42.0888225,-087.7145118
17,38830,02398319,1738830,Justice,Justice village,47,C1,N,N,G4110,A,7352454,114741,+41.7533989,-087.8269463
17,37608,02398578,1737608,Inverness,Inverness village,47,C1,N,N,G4110,A,16934950,422859,+42.1151357,-088.1008937
17,37257,02398571,1737257,Indian Head Park,Indian Head Park village,47,C1,N,N,G4110,A,2411751,20705,+41.7684326,-087.8974050
17,35879,02398537,1735879,Homewood,Homewood village,47,C1,N,N,G4110,A,13495118,126073,+41.5594219,-087.6620247
17,35866,02394413,1735866,Hometown,Hometown city,25,C1,N,N,G4110,A,1240336,0,+41.7312484,-087.7311338
17,35385,02398517,1735385,Hodgkins,Hodgkins village,47,C1,N,N,G4110,A,6691379,139993,+41.7660659,-087.8619475
17,35086,02398510,1735086,Hillside,Hillside village,47,C1,N,N,G4110,A,8243515,0,+41.8674856,-087.9019060
17,34514,02394371,1734514,Hickory Hills,Hickory Hills city,25,C1,N,N,G4110,A,7322993,0,+41.7247879,-087.8281155
17,33695,02398479,1733695,Hazel Crest,Hazel Crest village,47,C1,N,N,G4110,A,8778961,54689,+41.5741753,-087.6892861
17,33435,02398264,1733435,Harwood Heights,Harwood Heights village,47,C1,N,N,G4110,A,2136268,0,+41.9663183,-087.8055904
17,33383,02394317,1733383,Harvey,Harvey city,25,C1,N,N,G4110,A,16324895,0,+41.6074454,-087.6522794
17,30328,02398174,1730328,Golf,Golf village,47,C1,N,N,G4110,A,1161331,0,+42.0585491,-087.7849406
17,30029,02398979,1730029,Glenwood,Glenwood village,47,C1,N,N,G4110,A,8087677,0,+41.5407255,-087.6111475
17,29938,02398977,1729938,Glenview,Glenview village,47,C1,N,N,G4110,A,36125252,109657,+42.0848863,-087.8268477
17,29652,02398973,1729652,Glencoe,Glencoe village,47,C1,N,N,G4110,A,9633009,158748,+42.1344886,-087.7631783
17,27702,02398919,1727702,Franklin Park,Franklin Park village,47,C1,N,N,G4110,A,12346110,0,+41.9360162,-087.8791951
17,26987,02398897,1726987,Forest View,Forest View village,47,C1,N,N,G4110,A,2762932,337474,+41.8090968,-087.7730786
17,26935,02398896,1726935,Forest Park,Forest Park village,47,C1,N,N,G4110,A,6220447,0,+41.8683696,-087.8156629
17,26710,02398892,1726710,Ford Heights,Ford Heights village,47,C1,N,N,G4110,A,5041149,0,+41.5108982,-087.5814303
17,26571,02398889,1726571,Flossmoor,Flossmoor village,47,C1,N,N,G4110,A,9473245,0,+41.5391222,-087.6857021
17,24634,02398846,1724634,Evergreen Park,Evergreen Park village,47,C1,N,N,G4110,A,8187561,0,+41.7212787,-087.7013299
17,24582,02394709,1724582,Evanston,Evanston city,25,C1,Y,N,G4110,A,20148004,57390,+42.0463909,-087.6943525
17,23724,02398817,1723724,Elmwood Park,Elmwood Park village,47,C1,N,N,G4110,A,4940054,0,+41.9224644,-087.8163165
17,21904,02398777,1721904,East Hazel Crest,East Hazel Crest village,47,C1,N,N,G4110,A,2031301,0,+41.5757986,-087.6502727
17,20292,02398734,1720292,Dolton,Dolton village,47,C1,N,N,G4110,A,11822944,311951,+41.6302744,-087.5968390
17,20149,02398731,1720149,Dixmoor,Dixmoor village,47,C1,N,N,G4110,A,3233592,0,+41.6329506,-087.6672327
17,19642,02394524,1719642,Des Plaines,Des Plaines city,25,C1,Y,N,G4110,A,36993438,348855,+42.0351183,-087.9010720
17,17497,02398649,1717497,Crestwood,Crestwood village,47,C1,N,N,G4110,A,7889050,72892,+41.6455985,-087.7400776
17,16873,02393653,1716873,Countryside,Countryside city,25,C1,N,N,G4110,A,7454986,0,+41.7742067,-087.8752243
17,16691,02393651,1716691,Country Club Hills,Country Club Hills city,25,C1,N,N,G4110,A,12479552,45922,+41.5634529,-087.7254095
17,14351,02396647,1714351,Cicero,Cicero town,43,C1,N,N,G4110,A,15189098,0,+41.8445374,-087.7592875
17,14065,02397620,1714065,Chicago Ridge,Chicago Ridge village,47,C1,N,N,G4110,A,5838493,0,+41.7033747,-087.7794650
17,14026,02393512,1714026,Chicago Heights,Chicago Heights city,25,C1,N,N,G4110,A,26094060,33941,+41.5106847,-087.6346721
17,10513,02397534,1710513,Calumet Park,Calumet Park village,47,C1,N,N,G4110,A,2881060,92475,+41.6657352,-087.6576504
17,10487,02393502,1710487,Calumet City,Calumet City city,25,C1,N,N,G4110,A,18610059,322264,+41.5964953,-087.5379678
17,09798,02397502,1709798,Burnham,Burnham village,47,C1,N,N,G4110,A,4834653,222953,+41.6394802,-087.5449604
17,09642,02393465,1709642,Burbank,Burbank city,25,C1,N,N,G4110,A,10806583,0,+41.7444240,-087.7685234
17,08576,02397465,1708576,Brookfield,Brookfield village,47,C1,N,N,G4110,A,7933369,17368,+41.8250594,-087.8475457
17,08446,02397460,1708446,Broadview,Broadview village,47,C1,N,N,G4110,A,4603684,0,+41.8583708,-087.8561912
17,08225,02397453,1708225,Bridgeview,Bridgeview village,47,C1,N,N,G4110,A,10755057,0,+41.7401827,-087.8066493
17,06704,02394203,1706704,Blue Island,Blue Island city,25,C1,N,N,G4110,A,10544265,223341,+41.6575701,-087.6811256
17,05573,02394154,1705573,Berwyn,Berwyn city,25,C1,N,N,G4110,A,10113911,0,+41.8433321,-087.7909242
17,05404,02398101,1705404,Berkeley,Berkeley village,47,C1,N,N,G4110,A,3626767,0,+41.8891236,-087.9114662
17,04975,02398084,1704975,Bellwood,Bellwood village,47,C1,N,N,G4110,A,6210583,0,+41.8829026,-087.8761712
17,04572,02398064,1704572,Bedford Park,Bedford Park village,47,C1,N,N,G4110,A,15356956,273533,+41.7670709,-087.7955176
17,01010,02397946,1701010,Alsip,Alsip village,47,C1,N,N,G4110,A,16549195,270086,+41.6702888,-087.7358926
17,76935,02400029,1776935,University Park,University Park village,47,C1,N,N,G4110,A,28066544,5723,+41.4460726,-087.7122754
17,75484,02399987,1775484,Tinley Park,Tinley Park village,47,C1,N,N,G4110,A,41494683,48891,+41.5680905,-087.8034325
17,72520,02399892,1772520,Steger,Steger village,47,C1,N,N,G4110,A,8945335,0,+41.4722483,-087.6177104
17,67769,02399188,1767769,Sauk Village,Sauk Village village,47,C1,N,N,G4110,A,9933618,99599,+41.4900935,-087.5706244
17,57732,02399622,1757732,Park Forest,Park Forest village,47,C1,N,N,G4110,A,12851339,0,+41.4817535,-087.6867918
17,56640,02399586,1756640,Orland Park,Orland Park village,47,C1,N,N,G4110,A,56664657,742176,+41.6080095,-087.8609800
17,47540,02399275,1747540,Matteson,Matteson village,47,C1,N,N,G4110,A,24149526,88795,+41.5093224,-087.7453204
17,27624,02398915,1727624,Frankfort,Frankfort village,47,C1,N,N,G4110,A,38802681,0,+41.4913421,-087.8394103
17,17523,02398650,1717523,Crete,Crete village,47,C1,N,N,G4110,A,24893258,44677,+41.4405240,-087.6244715
17,77707,02400065,1777707,Verona,Verona village,47,C1,N,N,G4110,A,415851,0,+41.2156822,-088.5049042
17,71370,02399862,1771370,South Wilmington,South Wilmington village,47,C1,N,N,G4110,A,1452677,0,+41.1744076,-088.2813283
17,68640,02399784,1768640,Seneca,Seneca village,47,C1,N,N,G4110,A,17183334,1107894,+41.2866018,-088.6278116
17,50491,02395407,1750491,Morris,Morris city,25,C1,N,N,G4110,A,24455986,943808,+41.3740700,-088.4327649
17,47787,02399282,1747787,Mazon,Mazon village,47,C1,N,N,G4110,A,1528123,15897,+41.2414606,-088.4231012
17,40143,02398356,1740143,Kinsman,Kinsman village,47,C1,N,N,G4110,A,171680,0,+41.1902779,-088.5699352
17,28638,02398944,1728638,Gardner,Gardner village,47,C1,N,N,G4110,A,7552134,71246,+41.1949335,-088.3138152
17,21579,02398770,1721579,East Brooklyn,East Brooklyn village,47,C1,N,N,G4110,A,140618,1521,+41.1726867,-088.2654262
17,21358,02398764,1721358,Dwight,Dwight village,47,C1,N,N,G4110,A,8332484,26588,+41.0982529,-088.4248923
17,11176,02397551,1711176,Carbon Hill,Carbon Hill village,47,C1,N,N,G4110,A,476591,0,+41.2969738,-088.2998927
17,07640,02398160,1707640,Braceville,Braceville village,47,C1,N,N,G4110,A,7265240,166080,+41.2234884,-088.2721140
17,30120,02398985,1730120,Godley,Godley village,47,C1,N,N,G4110,A,2817426,2435,+41.2443774,-088.2426202
17,19837,02398721,1719837,Diamond,Diamond village,47,C1,N,N,G4110,A,4889496,0,+41.2851609,-088.2506460
17,15170,02398586,1715170,Coal City,Coal City village,47,C1,N,N,G4110,A,12700971,243831,+41.2798291,-088.2778512
17,12476,02397601,1712476,Channahon,Channahon village,47,C1,N,N,G4110,A,38822722,3695468,+41.4228902,-088.2628711
17,49607,02399376,1749607,Minooka,Minooka village,47,C1,N,N,G4110,A,24482072,197063,+41.4510019,-088.2795043
17,28612,02512769,1728612,Garden Prairie,Garden Prairie village,47,C1,N,N,G4110,A,2346256,20510,+42.2536209,-088.7129230
17,79293,02397222,1779293,Waukegan,Waukegan city,25,C1,N,N,G4110,A,61313747,541428,+42.3694469,-087.8708984
17,79267,02400108,1779267,Wauconda,Wauconda village,47,C1,N,N,G4110,A,13076172,1766061,+42.2770051,-088.1352718
17,78370,02400079,1778370,Wadsworth,Wadsworth village,47,C1,N,N,G4110,A,24802762,235426,+42.4252170,-087.9015673
17,78227,02400077,1778227,Volo,Volo village,47,C1,N,N,G4110,A,10160937,203192,+42.3299228,-088.1634183
17,77694,02400063,1777694,Vernon Hills,Vernon Hills village,47,C1,N,N,G4110,A,19962425,537157,+42.2344074,-087.9610644
17,75874,02399999,1775874,Tower Lakes,Tower Lakes village,47,C1,N,N,G4110,A,2354511,322470,+42.2278440,-088.1552395
17,75081,02399970,1775081,Third Lake,Third Lake village,47,C1,N,N,G4110,A,1526857,680744,+42.3697628,-088.0090925
17,66066,02399134,1766066,Round Lake Park,Round Lake Park village,47,C1,N,N,G4110,A,5381435,517331,+42.3492304,-088.0791436
17,66053,02399133,1766053,Round Lake Heights,Round Lake Heights village,47,C1,N,N,G4110,A,1464121,95840,+42.3846096,-088.1058971
17,66040,02399132,1766040,Round Lake Beach,Round Lake Beach village,47,C1,N,N,G4110,A,13112462,399622,+42.3824089,-088.0806888
17,66027,02399131,1766027,Round Lake,Round Lake village,47,C1,N,N,G4110,A,14157000,427758,+42.3434597,-088.1022984
17,64538,02399094,1764538,Riverwoods,Riverwoods village,47,C1,N,N,G4110,A,10270766,120299,+42.1729033,-087.8948615
17,61216,02399001,1761216,Port Barrington,Port Barrington village,47,C1,N,N,G4110,A,2979445,351151,+42.2440264,-088.1952006
17,57654,02396144,1757654,Park City,Park City city,25,C1,N,N,G4110,A,3070395,4881,+42.3536657,-087.8923813
17,55639,02399567,1755639,Old Mill Creek,Old Mill Creek village,47,C1,N,N,G4110,A,27533263,449697,+42.4331332,-087.9821999
17,53559,02395253,1753559,North Chicago,North Chicago city,25,C1,N,N,G4110,A,20457887,37866,+42.3166958,-087.8592012
17,53455,02399510,1753455,North Barrington,North Barrington village,47,C1,N,N,G4110,A,12012520,664225,+42.2077950,-088.1317301
17,51349,02399428,1751349,Mundelein,Mundelein village,47,C1,N,N,G4110,A,24773260,1034614,+42.2691061,-088.0114783
17,48671,02399328,1748671,Mettawa,Mettawa village,47,C1,N,N,G4110,A,13763753,208343,+42.2429539,-087.9211923
17,44524,02398471,1744524,Long Grove,Long Grove village,47,C1,N,N,G4110,A,32311735,608497,+42.1948579,-088.0102636
17,43770,02398444,1743770,Lindenhurst,Lindenhurst village,47,C1,N,N,G4110,A,11505703,864123,+42.4171467,-088.0264345
17,43666,02398442,1743666,Lincolnshire,Lincolnshire village,47,C1,N,N,G4110,A,11857538,243561,+42.1965184,-087.9177373
17,43250,02398436,1743250,Libertyville,Libertyville village,47,C1,N,N,G4110,A,22827427,875021,+42.2861153,-087.9642090
17,41742,02398386,1741742,Lake Zurich,Lake Zurich village,47,C1,N,N,G4110,A,17521966,1081007,+42.1948774,-088.0877732
17,41586,02398385,1741586,Lake Villa,Lake Villa village,47,C1,N,N,G4110,A,16022433,2081344,+42.4175730,-088.0826094
17,41326,02398387,1741326,Lakemoor,Lakemoor village,47,C1,N,N,G4110,A,12969753,629046,+42.3398271,-088.2027307
17,41105,02395590,1741105,Lake Forest,Lake Forest city,25,C1,N,N,G4110,A,44489687,170853,+42.2379029,-087.8589479
17,40910,02398377,1740910,Lake Bluff,Lake Bluff village,47,C1,N,N,G4110,A,10499759,18775,+42.2826952,-087.8523056
17,40884,02398376,1740884,Lake Barrington,Lake Barrington village,47,C1,N,N,G4110,A,15181441,796348,+42.2102369,-088.1694914
17,39883,02398344,1739883,Kildeer,Kildeer village,47,C1,N,N,G4110,A,11339684,550920,+42.1893173,-088.0485368
17,37894,02398279,1737894,Island Lake,Island Lake village,47,C1,N,N,G4110,A,8775303,537113,+42.2792669,-088.1990839
17,37218,02398570,1737218,Indian Creek,Indian Creek village,47,C1,N,N,G4110,A,665547,0,+42.2270704,-087.9779158
17,34865,02394379,1734865,Highwood,Highwood city,25,C1,N,N,G4110,A,1849756,0,+42.2060306,-087.8129284
17,34722,02394377,1734722,Highland Park,Highland Park city,25,C1,N,N,G4110,A,31594789,84686,+42.1826282,-087.8096438
17,33630,02398267,1733630,Hawthorn Woods,Hawthorn Woods village,47,C1,N,N,G4110,A,19958923,560486,+42.2440673,-088.0656952
17,32200,02398222,1732200,Hainesville,Hainesville village,47,C1,N,N,G4110,A,4603992,88383,+42.3362008,-088.0734498
17,32018,02398219,1732018,Gurnee,Gurnee village,47,C1,N,N,G4110,A,34957551,196682,+42.3700597,-087.9374251
17,31446,02398202,1731446,Green Oaks,Green Oaks village,47,C1,N,N,G4110,A,10416171,266057,+42.2963012,-087.9141425
17,31121,02398198,1731121,Grayslake,Grayslake village,47,C1,N,N,G4110,A,25557703,538447,+42.3415922,-088.0278630
17,27533,02398913,1727533,Fox River Grove,Fox River Grove village,47,C1,N,N,G4110,A,4607394,0,+42.1954275,-088.2145010
17,27442,02398912,1727442,Fox Lake,Fox Lake village,47,C1,N,N,G4110,A,21018446,4718699,+42.4264366,-088.1819195
17,04303,02398056,1704303,Beach Park,Beach Park village,47,C1,N,N,G4110,A,18391645,0,+42.4422543,-087.8753200
17,03610,02398029,1703610,Bannockburn,Bannockburn village,47,C1,N,N,G4110,A,5226189,59647,+42.1922263,-087.8698045
17,01595,02397970,1701595,Antioch,Antioch village,47,C1,N,N,G4110,A,21270463,996039,+42.4743925,-088.0703865
17,57225,02399608,1757225,Palatine,Palatine village,47,C1,N,N,G4110,A,35267245,370765,+42.1180137,-088.0427961
17,81087,02400161,1781087,Wheeling,Wheeling village,47,C1,N,N,G4110,A,22535724,154296,+42.1307882,-087.9239173
17,19083,02398704,1719083,Deer Park,Deer Park village,47,C1,N,N,G4110,A,9620069,296598,+42.1662835,-088.0861798
17,18992,02398705,1718992,Deerfield,Deerfield village,47,C1,N,N,G4110,A,14457419,102681,+42.1660688,-087.8524665
17,09447,02397490,1709447,Buffalo Grove,Buffalo Grove village,47,C1,N,N,G4110,A,24606159,75099,+42.1659808,-087.9618258
17,03844,02398037,1703844,Barrington,Barrington village,47,C1,N,N,G4110,A,11955694,486379,+42.1526305,-088.1276180
17,02154,02397986,1702154,Arlington Heights,Arlington Heights village,47,C1,Y,N,G4110,A,43015105,75403,+42.0973621,-087.9816706
17,84220,02397402,1784220,Zion,Zion city,25,C1,N,N,G4110,A,25401820,6555,+42.4599088,-087.8511212
17,82686,02399725,1782686,Winthrop Harbor,Winthrop Harbor village,47,C1,N,N,G4110,A,12089372,234468,+42.4806144,-087.8295572
17,10906,02357470,1710906,Campton Hills,Campton Hills village,47,C1,N,N,G4110,A,43791807,212337,+41.9502414,-088.4170487
17,38895,02398325,1738895,Kaneville,Kaneville village,47,C1,N,N,G4110,A,812083,0,+41.8336284,-088.5216731
17,80125,02400129,1780125,West Dundee,West Dundee village,47,C1,N,N,G4110,A,9620325,262509,+42.1109207,-088.3445892
17,78175,02400074,1778175,Virgil,Virgil village,47,C1,N,N,G4110,A,5462602,0,+41.9555312,-088.5292026
17,73391,02399926,1773391,Sugar Grove,Sugar Grove village,47,C1,N,N,G4110,A,27109992,39676,+41.7683904,-088.4506676
17,70720,02399846,1770720,South Elgin,South Elgin village,47,C1,N,N,G4110,A,18099048,431354,+41.9894598,-088.3126179
17,70161,02399828,1770161,Sleepy Hollow,Sleepy Hollow village,47,C1,N,N,G4110,A,5180272,68160,+42.0902869,-088.3137119
17,59988,02399676,1759988,Pingree Grove,Pingree Grove village,47,C1,N,N,G4110,A,9507448,0,+42.0857490,-088.4362441
17,53442,02399508,1753442,North Aurora,North Aurora village,47,C1,N,N,G4110,A,18587947,559963,+41.8087365,-088.3419807
17,43406,02398437,1743406,Lily Lake,Lily Lake village,47,C1,N,N,G4110,A,7106630,2476,+41.9511859,-088.4739949
17,32525,02398234,1732525,Hampshire,Hampshire village,47,C1,N,N,G4110,A,23180294,0,+42.1157020,-088.5051685
17,29171,02398961,1729171,Gilberts,Gilberts village,47,C1,N,N,G4110,A,14367470,21605,+42.1092484,-088.3721973
17,28872,02394875,1728872,Geneva,Geneva city,25,C1,N,N,G4110,A,25239945,633170,+41.8820718,-088.3293371
17,22931,02398795,1722931,Elburn,Elburn village,47,C1,N,N,G4110,A,8098658,0,+41.8715578,-088.4536118
17,11358,02397560,1711358,Carpentersville,Carpentersville village,47,C1,N,N,G4110,A,20470032,510043,+42.1235708,-088.2932928
17,09759,02397500,1709759,Burlington,Burlington village,47,C1,N,N,G4110,A,18513930,0,+42.0528825,-088.5697690
17,05976,02398118,1705976,Big Rock,Big Rock village,47,C1,N,N,G4110,A,11208397,0,+41.7667684,-088.5264700
17,36750,02398562,1736750,Huntley,Huntley village,47,C1,N,N,G4110,A,36439022,82430,+42.1601789,-088.4364510
17,00685,02397931,1700685,Algonquin,Algonquin village,47,C1,N,N,G4110,A,31665144,466979,+42.1623540,-088.3156081
17,50218,02399387,1750218,Montgomery,Montgomery village,47,C1,N,N,G4110,A,24192972,446454,+41.7210396,-088.3584982
17,79397,02400112,1779397,Wayne,Wayne village,47,C1,N,N,G4110,A,14977348,226996,+41.9472549,-088.2532307
17,66703,02396476,1766703,St. Charles,St. Charles city,25,C1,N,N,G4110,A,37827773,838284,+41.9189392,-088.3114337
17,46604,02399247,1746604,Maple Park,Maple Park village,47,C1,N,N,G4110,A,6095062,8246,+41.9205840,-088.6166167
17,35411,02398519,1735411,Hoffman Estates,Hoffman Estates village,47,C1,Y,N,G4110,A,53860779,468825,+42.0652135,-088.1529913
17,23074,02394641,1723074,Elgin,Elgin city,25,C1,Y,N,G4110,A,96252693,1407761,+42.0396386,-088.3217094
17,21696,02398774,1721696,East Dundee,East Dundee village,47,C1,N,N,G4110,A,7075776,619431,+42.0974301,-088.2476772
17,04078,02394077,1704078,Batavia,Batavia city,25,C1,N,N,G4110,A,24959997,172844,+41.8481907,-088.3086453
17,04013,02398041,1704013,Bartlett,Bartlett village,47,C1,N,N,G4110,A,40471783,610132,+41.9608222,-088.1770112
17,03883,02398038,1703883,Barrington Hills,Barrington Hills village,47,C1,N,N,G4110,A,71031476,1577443,+42.1386415,-088.2029588
17,03012,02394031,1703012,Aurora,Aurora city,25,C1,N,N,G4110,A,116383850,2223625,+41.7634550,-088.2900990
17,42587,02398410,1742587,Lee,Lee village,47,C1,N,N,G4110,A,420665,0,+41.7944802,-088.9414529
17,17939,02393390,1717939,Crystal Lawns,Crystal Lawns CDP,57,U1,N,N,G4210,S,1628095,0,+41.5685311,-088.1639250
17,24920,02392995,1724920,Fairmont,Fairmont CDP,57,U1,N,N,G4210,S,3534024,0,+41.5612435,-088.0587815
17,27644,02393010,1727644,Frankfort Square,Frankfort Square CDP,57,U1,N,N,G4210,S,6552075,0,+41.5220880,-087.8036235
17,37465,02393064,1737465,Ingalls Park,Ingalls Park CDP,57,U1,N,N,G4210,S,2917740,0,+41.5202919,-088.0347075
17,41716,02393091,1741716,Lakewood Shores,Lakewood Shores CDP,57,U1,N,N,G4210,S,5923419,569227,+41.2682405,-088.1350396
17,61860,02393198,1761860,Preston Heights,Preston Heights CDP,57,U1,N,N,G4210,S,2469616,0,+41.4940633,-088.0753360
17,81938,02393860,1781938,Willowbrook,Willowbrook CDP,57,U1,N,N,G4210,S,8637582,41009,+41.4535310,-087.5382388
17,41157,02629851,1741157,Lake Holiday,Lake Holiday CDP,57,U1,N,N,G4210,S,8291701,1250253,+41.6157498,-088.6651315
17,60144,02393188,1760144,Pistakee Highlands,Pistakee Highlands CDP,57,U1,N,N,G4210,S,3415704,732759,+42.4030436,-088.2109014
17,12879,02628545,1712879,Chemung,Chemung CDP,57,U1,N,N,G4210,S,724584,0,+42.4162066,-088.6641761
17,07419,02393344,1707419,Boulder Hill,Boulder Hill CDP,57,U1,N,N,G4210,S,3718513,22893,+41.7118081,-088.3365429
17,12489,02393373,1712489,Channel Lake,Channel Lake CDP,57,U1,N,N,G4210,S,4672663,1547930,+42.4827450,-088.1471301
17,26896,02393000,1726896,Forest Lake,Forest Lake CDP,57,U1,N,N,G4210,S,1179474,158986,+42.2108963,-088.0535491
17,27455,02393009,1727455,Fox Lake Hills,Fox Lake Hills CDP,57,U1,N,N,G4210,S,3298225,1397862,+42.4134993,-088.1259874
17,28248,02393015,1728248,Gages Lake,Gages Lake CDP,57,U1,N,N,G4210,S,7748319,538797,+42.3516449,-087.9824365
17,30900,02393022,1730900,Grandwood Park,Grandwood Park CDP,57,U1,N,N,G4210,S,4012537,57787,+42.3914197,-087.9867540
17,40988,02393076,1740988,Lake Catherine,Lake Catherine CDP,57,U1,N,N,G4210,S,2414235,1408495,+42.4859696,-088.1239293
17,44550,02393107,1744550,Long Lake,Long Lake CDP,57,U1,N,N,G4210,S,2666565,1557803,+42.3742200,-088.1267922
17,77460,02393831,1777460,Venetian Village,Venetian Village CDP,57,U1,N,N,G4210,S,4751459,1579993,+42.4050441,-088.0501628
17,40364,02629857,1740364,Knollwood,Knollwood CDP,57,U1,N,N,G4210,S,1723150,0,+42.2849844,-087.8800388
17,61821,02629860,1761821,Prestbury,Prestbury CDP,57,U1,N,N,G4210,S,1645012,69912,+41.7861439,-088.4238419
